Chinese Surnames (ASCII),,,,,,,,,,,
0,1,2,3,4,5,6,7,8,9,10,11
Wang,W√°ng,Wang2,Wong4,Wong,Vang,√îng,BongHeng,V√≤ng,Wong,U≈çng,Wong
Li,L«ê,Li3,Lei5,"Lee
Li",Ly,L√≠,Lee,L√≠,Lee,L√Æ,Lee
Zhang,ZhƒÅng,Chang1,Zoeng1,Cheung,"Cheong
Chong","Tiu‚Åø(X, Q, K, T)
Tio‚Åø(Z)","Teo
Teoh
Tio",Ch√¥ng,Chong,Tong,"Cheong
Thong"
Liu,Li√∫,Liu2,Lau4,Lau,"Lao
Lou",L√¢u,"Lau
Low
Lao",Li√π,Liew,Liu,"Lew
Lieu"
Chen,Ch√©n,Ch'en2,Can4,Chan,"Chun
Chean
Chin",T√¢n,"Tan
Tang
Ting",chh√¨n,chin,Th√≠n,"Thin
Chin"
Yang,Y√°ng,Yang2,Joeng4,Yeung,"Yeong
Ieong
Young","I√ª‚Åø(X, Q, K, T)
I√¥‚Åø(Z)","Yeoh
Yeo
Yo
Nyo",Y√≤ng,"Yong
Yeong",I≈çng,Yeong
Huang,Hu√°ng,Huang2,Wong4,Wong,"Wang
Vong","NÃÇg(X, Q, K, T)
√õi‚Åø(Z)","Ng
Ung
Uy",V√≤ng,"Wong
Bong",U≈çng,"Wong
Fong"
Zhao,Zh√†o,Chao2,Ziu6,Chiu,"Chu
Chio
Jiu","Ti≈ç(X, Z, K, T)
Ti«í(Q)","Teo
Teoh",Chhau,Chau,Th√®u,"Cheu
Chew"
Wu,W√∫,Wu2,Ng4,Ng,"Ung,Eng","G√¥Õò
Ng√¥Õò(X, Q, K, T)",Goh,«∏g,Ng,Ng,Ng
Zhou,Zh≈çu,Chou1,Zau1,"Chow
Chau","Jao
ChauChao",Chiu,"Chew
Jew",Chi√ª,"Chew
Chiew",Tiu,"Chew
Cheu"
Xu,X√∫,Hs√º2,Ceoi4,Tsui,"Choi
Chui
Tsua","Chh√Æ(X, Z, K, T)
S√Ær(Q)","Chee
Cher
Cheu
Swee
Ji
Jee",Chh√¨,Chi,Chhi√©,"Chee
Chui"
Sun,S≈´n,Sun1,Syun1,Suen,Sun,"Sng(X, Q, K, T)
Sun(X, Q, K, T)
Sui‚Åø(Z)","Sng
Soon",S√ªn,Sun,Sun,Suen
Ma,M«é,Ma3,Maa5,Ma,"Mah
Mar","M√°
B√©(K, T)","Bey
Beh
Baey",M√¢,Ma,M√¢,M√¢
Zhu,Zh≈´,Chu1,Zyu1,Chu,Chue,Chu,Choo,Ch√ª,Choo,Tu,Chu
Hu,H√∫,Hu2,Wu4,Wu,"Woo
Vu",√îÕò,"Oh
Aw",F√π,Foo,≈™,"Wu
Foo"
Guo,Gu≈ç,Kuo1,Gwok3,Kwok,Kuok,"Koeh(Z, K, T)
Keh(X)
Kerh(Q)","Kueh
Koay
Quay
Kwek
QuekKwik",Kwok,"Kwok
Kok",Kuok,Kwok
He,H√©,"H√™2
Ho2",Ho4,Ho,Hoe,H√¥,"Ho
Hor
Hou",H√≤,Ho,H√≥,Ho
Gao,GƒÅo,Kao1,Gou1,Ko,"Kou
Go","Ko(X, Z, K, T)
KoÕò(Q)","Ko
Kor","K√¥
Kau",Koo,Kou,Kou
Lin,L√≠n,Lin2,Lam4,Lam,Lum,L√Æm,Lim,L√¨m,Lim,Lƒ´m,Lƒ´m
Luo,Lu√≥,Lo2,Lo4,Lo,"Law
Loh,Lowe
Lor",L√¥,"Lo
Lor
Law",L√≤,"Law
Lo
Loh",L≈ç,"L≈ç
Law"
Zheng,Zh√®ng,Cheng4,Zeng6,Cheng,"Cheang
Chiang","Tƒì‚Åø(K)
Tƒ´‚Åø(X, T)
T√¨‚Åø(Q)
Tƒìe‚Åø(Z)","Tay
Teh",Chhang,Chang,Th√†ng,
Liang,Li√°ng,Liang2,Loeng4,Leung,"Leong
Lang
Leng","Ni√ª(X, Q, K, T)
Ni√¥Õò(Z)",Neo,Li√≤ng,Leong,Li≈çng,
Xie,Xi√®,Hsieh4,Ze6,Tse,Che,"ChiƒÅ(Z, K)
SiƒÅ(X, T)
Si√†(Q)","Chia
Cheah
Seah",Tshia,Cheah,Chhi√†,
Song,S√≤ng,Sung4,Sung3,Sung,,"S√≤ng
S√†ng(K, T)",Song,Sung,"Song
Soong",S≈´ng,
Tang,T√°ng,T'ang2,Tong4,Tong,,"TnÃÇg
T√¥ng(X, Z, K, T)","Tng
Tang",Th√≤ng,"Tong
Thong",Th√≥ng,
Xu,X«î,Hs√º3,Heoi2,Hui,Hoi,Kh√≥Õò,"Koh
Khoh
Ko",H√≠,Hee,H√©,
Han,H√°n,Han2,Hon4,Hon,,H√¢n,"Hang
Han",H√≤n,Hon,H√≥n,
Feng,F√©ng,Feng2,Fung4,Fung,Fong,P√¢ng,Pang,"F√πng
Ph√πng",Foong,F≈´ng,
Deng,D√®ng,Teng2,Dang6,Tang,Theng,"Tƒìng(X, Z, K, T)
T√®ng(Q)",Teng,Then,"Ten
Then",Th√®n,
Cao,C√°o,Ts'ao2,Cou4,"Cho
Tso",Chaw,"Ch√¥(X, Z, K, T)
Ch√¥Õò(Q)",Chow,"Tsh√≤
Tsh√†u","Cho
Chaw",Chh√≥u,
Peng,P√©ng,P'eng2,Pang4,Pang,Banh,"Ph√™‚Åø(K)
Ph√Æ‚Åø(X, Q, T)
Ph√™e‚Åø(Z)","Peh
Phe",Ph√†ng,Phang,Ph√°ng,
Zeng,Zƒìng,Tseng1,Zang1,Tsang,"Chang
Dong",Chan,Chan,Ts√™n,Chen,Chen,
Xiao,XiƒÅo,Hsiao1,Siu1,"Siu
Shiu",Sio,"Siau(X, Z, K, T)
Sio(X, Q, K, T)","Seow
Siau
Siow",Si√¢u,"Siew
Siaw",Sieu,
Tian,Ti√°n,T'ien2,Tin4,Tin,Chan,Ti√¢n,"Chan
Chang",Thi√®n,"Thien
Then",Thi√©n,
Dong,D«íng,Tung3,Dung2,Tung,Tong,"T√°ng
T√≥ng(Z)",Tong,T√∫ng,Tung,T√ªng,
Yuan,Yu√°n,Y√ºan2,Jyun4,Yuen,Wan,O√¢n,Wang,Y√®n,Yen,I≈çn,
Pan,PƒÅn,P'an1,Pun1,"Poon
Pun",Pun,Phoa‚Åø,Phua,Ph√¢n,"Pan
Phan",Phon,
Yu,Y√∫,Y√º2,Jyu1,Yue,U,"√é(Z)
√õ(X)
U(Q, K, T)",Yee,Y√Æ,Yee,Uƒ´,
Jiang,Ji«éng,Chiang3,Zoeng2,Tseung,Cheung,"Chi√∫‚Åø(X, Q, K, T)
Chi√≥‚Åø(Z)","Cheoh
Chioh",Tsi√≤ng,Cheong,Chi√¥ng,
Cai,C√†i,Ts'ai4,Coi3,Choi,"Choy
Tsoi
Toy",Chho√†,Chua,Chhai,"Chai
Choi",Chh√≥i,
Yu,Y√∫,Y√º2,Jyu4,"Yu
Yue","U
Yee","√é(Z, K, T)
√õ(X, K, T)
√ér(Q)","Ee
Eu",Y√¨,Yee,Uƒ´,
Du,D√π,Tu4,Dou6,To,"Do
Tou","T≈çÕò(X, Z, K, T)
T«íÕò(Q)",Toh,Thu,"To
Toh",Th√π,
Ye,Y√®,Yeh4,Jip6,Yip,"Ip
Yeap",IaÃçp,Yap,YaÃçp,Yap,Iep,
Cheng,Ch√©ng,Ch'eng2,Cing4,Ching,Cheng,"Thi√¢‚Åø(X, Q, K, T)
Th√™e‚Åø(Z)",Thia,"Chh√†ng
Chh√¨n","Chang
Chin",Th√°ng,
Su,S≈´,Su1,Sou1,So,Sou,SoÕò,Soh,S√ª,Soo,Su,
Wei,W√®i,Wei4,Ngai6,Ngai,,"G≈´i(X, Z, K, T)
G√πi(Q)","Ngwee
Ngui",Ngui,"Ngui
Wee",Ng√πi,
Lu,L«ö,L√º3,Leoi5,Lui,Loi,"L≈´(X, T)
Lƒ´(Z, K)
L«êr(Q)","Lee
Leu
Ler
Loo",L√Æ,Lee,Li√™,
Ding,Dƒ´ng,Ting1,"Ding1
Teng4",Ting,Ding,Teng,Teng,T√©n,Ten,Tiang,
Ren,R√©n,Jen4,Jam6,Yam,"Iam
Yum","J√Æm(Z, K)
L√Æm(X, Q)
Lƒ´m(T)",Jim,Ngim,"Ngim
Yim",N√¨m,
Shen,Shƒõn,Shen3,Sam2,"Shum
Sum
Sham","Sam
Shum",S√≠m,Sim,"Sh√≠m
S√≠m",Sim,S√≠m,
Yao,Y√°o,Yao2,Jiu4,Yiu,"Yeow
Io
Iu",I√¢u,Yeo,Y√†o,Yow,Iƒìu,
Lu,L√∫,Lu2,Lou4,Lo,Lou,L√¥Õò,Loh,L√π,Loo,L≈´,
Jiang,JiƒÅng,Chiang1,Goeng1,Keung,"Geung
Keong","Khiang(Z)
Khiong(X, K, T)
Khiu‚Åø(Q)",Kiang,Ki√¥ng,Keong,Kiong,
Cui,Cuƒ´,Ts'ui1,Ceoi1,Chui,Choi,Chhui,"Chui
Chwee",Tsh√ªi,Chooi,Chhoi,
Zhong,Zh≈çng,Chung1,Zung1,Chung,Chong,"Chiong
Cheng(K, T)",Cheng,"Ch√ªng
Tsung","Chong
Chung",Tung,
Tan,T√°n,T'an2,Taam4,Tam,"Tom
Ham
Hom",Th√¢m,Tham,Th√†m,Tham,Th√≥m,
Lu,L√π,Lu4,Luk6,Luk,Lok,LioÃçk,"Loke
Lek",LiuÃçk,Luk,Liuk,
Wang,WƒÅng,Wang1,Wong1,Wong,,"Ong(X, Q, K, T)
√ìng(Z)",Wang,Vong,Wong,Uong,
Fan,F√†n,Fan4,Faan6,Fan,,"HoƒÅn(X, Z, K, T)
Ho«én(Q)Hwan","Huang
Hoan
Hwan",Fam,"Fam
Hoan
Hwan",F√†n,
Jin,Jƒ´n,Chin1,Gam1,Kam,Gum,Kim,Kim,K√Æm,Kim,Kim,
Shi,Sh√≠,Shih2,Sek6,Shek,"Sek
Seac
Seak",ChioÃçh,"Chioh
Cheoh","ShaÃçk
Sak",Shak,Sak,
Liao,Li√†o,Liao4,Liu6,Liu,"Lew
Leow
Liew
Lio","LiƒÅu(X, Z, K, T)
Li√†u(Q)","Leow
Liau
Liow",Liau,"Liew
Liau",Li√®u,
Jia,Ji«é,Chia3,Gaa2,Ka,Ga,"K√°(X, Q, K, T)
K√©e(Z)",Kia,K√°,Ka,K√¢,
Xia,Xi√†,Hsia2,Haa6,Ha,,"Hƒì(K, T)
HƒÅ(X, K, T)
H√†(Q)
Hƒìe(Z)","Hah
Hay",Ha,Ha,H√†,
Wei,W√©i,Wei2,Wai4,Wai,Vai,"√õi(X, Q, K, T)
√öi(Z)",Wee,"V√∫i
V√¨","Wooi
Wee",Uƒ´,
Fu,F√π,Fu4,Fu6,"Fu
Foo",,P√≤Õò,Poh,Fu,Fu,F√π,
Fang,FƒÅng,Fang1,Fong1,Fong,,"Hong(X, Q, K, T)
Png(X, Q, K, T)
Pui‚Åø(Z)",Pung,F√¥ng,Fong,Fong,
Bai,B√°i,Pai2,Baak6,Pak,Bak,"PeÃçh
PeÃçk(Z)",Peh,PhaÃçk,"Pak
Phak",Phak,
Zou,Z≈çu,Tsou1,Zau1,"Chau
Chow","Jao
Chau","Chau(K, T)
ChoÕò(X, Z, K, T)
Cho(Q)
Che(Z)","Chou
Choh",Ts√™u,"Chew
Chiew",Chiu,
Meng,M√®ng,Meng4,Maang6,Mang,,"Bƒìng(X, Z, K, T)
B√®ng(Q)",Meng,Men,Mang,M√†ng,
Xiong,Xi√≥ng,Hsiung2,Hung4,Hung,Hong,H√Æm,Him,Y√πng,Yoong,Hi≈´ng,
Qin,Q√≠n,Ch'in2,Ceon4,Chun,"Tseun
Tseon
Chon",Ch√Æn,Ching,Tsh√¨n,Chin,Chh√≠n,
Qiu,Qi≈´1,Ch'iu1,Jau1,Yau,"Iao
Iau",Khu,Khoo,"Khi√ª
Hi√ª","Hew
Khew",Khiu,
Jiang,JiƒÅng,Chiang1,Gong1,Kong,,Kang,Kang,K√¥ng,Kong,Kong,
Yin,Y«ên,Yin3,Wan5,Wan,,"√ön(K, T)
√çn(X, Q, Z)","Un
Eun
Eung",Y√∫n,Yoon,√çn,
Xue,Xuƒì,Hs√ºeh1,Sit3,Sit,,Sih,,Siet,Set,Siot,
Yan,Y√°n,Yen2,Jim4,Yim,Im,Gi√¢m,Ngiam,Ngi√†m,"Ngiam
Yam",Iƒìm,
Duan,Du√†n,Tuan4,Dyun6,Tuen,Tun,"ToƒÅn(X, Z, K, T)
To√†n(Q)","Tng
Teung",Thon,"Ton
Thon",Th√≤n,
Lei,L√©i,Lei2,Leoi4,Lui,Loi,L√ªi,Lui,L√πi,"Looi
Lui",L≈çi,
Hou,H√≥u,Hou2,Hau4,Hau,Hao,"H√¥Õò(X, Z)
H√¢u(Q, K, T)
K√¢u(X, Q, Z)","Hoh
Hau",H√®u,Hew,H√©u,
Long,L√≥ng,Lung2,Lung4,"Lung
Loong",Long,"L√™ng(K, T)
Li√¥ng","Leng
Liong",Li√πng,Loong,Li≈´ng,
Shi,Sh«ê,Shih3,Si2,Sze,Si,"S√∫(X, Z, K, T)
S√°i(X, Q)
S√≠r(Q)","Ser
Seu
Sze",S·π≥ÃÅ,"Soo
Sze",S√Æ,
Tao,T√°o,T'ao2,Tou4,"To
Tao",Tow,"T√¥(X, Z, K, T)
T√¥Õò(Q)
Th√¥(Q)",Tow,"Th√†u
Th√≤","Tao
Tow",Th√≥u,
Li,L√≠,Li2,Lai4,Lai,,L√™,"Loy
Loi","L√¨
L√†i","Lee
Lai",Lƒ´,
He,H√®,"H√™4
Ho4",Ho6,Ho,,"H≈ç(X, Z, K, T)
H√≤(Q)",Hor,"Ho
Fo",Ho,H√≤,
Gu,G√π,Ku4,Gu3,Ku,"Goo
Gu
Khoo",K√≤Õò,Koh,Ku,Koo,K≈´,
Mao,M√°o,Mao2,Mou4,Mo,Mou,M√¥Õò,Mor,"M√¥
M√¢u","Mo
Mao",M≈çu,
Hao,H«éo,Hao3,Kok3,Kok,,Hok,Hak,Khok,,Hok,
Gong,G≈çng,Kung1,Gung1,Kung,Kwong,"K√©ng(X, Q, K, T)
Kiong(Z)",,Ki√ªng,Kong,Kiung,
Shao,Sh√†o,Shao4,Siu6,"Siu
Shiu","Shaw
Sio","Si≈ç(X, K, T)
SiƒÅu(Z, K, T)
Si√†u(Q)","Seow
Sioh","Shau
Sau",Shao,S√®u,
Wan,W√†n,Wan4,Maan6,Man,Meng,"BƒÅn(X, Z, K, T)
B√†n(Q)",Buang,Van,"Wan
Man",M√†n,
Qian,Qi√°n,Ch'ien2,Cin4,Chin,Chee,Ch√Æ‚Åø,Chee,Tshi√®n,Chen,Chhi√©n,
Yan,Y√°n,Yen2,Jim4,Yim,Im,Gi√¢m,Ngiam,Ngi√†m,Yam,Ngiƒìm,
Tan,T√°n / Q√≠n,T'an2,Taam4,Tam,,Th√¢m,,Th√†m,,Th√≥m,
Wu,W«î,Wu3,Mou5,Mo,Mou,B√∫,Boo,V√∫,"Moo
Woo",M√∫,
Dai,D√†i,Tai4,Daai3,Tai,,"T√®(X, Z, K, T)
T√®r(Q)",Tai,Tai,Tai,Th√†i,
Mo,M√≤,Mo4,Mok6,Mok,,"BoÃçh(K, T)
BoÃçk",Mok,MoÃçk,Mok,Mok,
Kong,K«íng,K'ung3,Hung2,Hung,,Kh√≥ng,"Kong
Khong",Kh√∫ng,"Koong
Khoong",Kh√∫ng,
Xiang,Xi√†ng,Hsiang4,Hoeng3,Heung,,"Hi√≤ng(X, Q, K, T)
Hi√†ng(Z)",Hiang,Hi√≥ng,,Hi√≤ng,
Tang,TƒÅng,T'ang1,Tong1,Tong,,Thng,"Tng
Teung",Th√¥ng,"Thong
Tong",Thong,
Kang,KƒÅng,Kang1,Hong1,Hong,,Khng,"Kang
Khang",Kh√¥ng,"Khong
Kong",Khong,
Yi,Y√¨,I4,"Yi6
Yik6",Yik,,"EÃçk(X, Z, K, T)
IaÃçk(Q)",Ek,Yit,,Iak,
Chang,Ch√°ng,Ch'ang2,Soeng4,Sheung,,"Si√¥ng(X, Q, K, T)
Si√¢ng(Z)","Sioh
Seoh",S√≤ng,Song,S≈çng,
Qiao,Qi√°o,Ch'iao2,Kiu4,Kiu,,Ki√¢u,"Keow
Kiao",Khi√†u,"Kiew
Khiew",Khi√©u,
Lai,L√†i,Lai4,Laai6,Lay,Lai,"L≈ça(X, Z, K, T)
L√≤a(Q)",Nai,Lai,L√†i,L√†i,
Wen,W√©n,Wen2,Man4,Man,,B√ªn,Boon,V√πn,Voon,M≈´n,
Shi,Shƒ´,Shih1,Si1,Si,Xi,"Si
Soa","Sy
Sua",S·π≥ÃÇ,Sii¬¥,,
Hong,H√≥ng,Hung2,Hung4,Hung,Huhng,"√Çng
H√¥ng","Ang
Hong",F√πng,Fung,,
Xin,Xƒ´n,Hsin1,San1,San,Sen,Sin,Syn,S√Æn,Xin¬¥,,
Hsu,,,,,,,,,,,
Pu,,,,,,,,,,,
Ke,,,,,,,,,,,
Quan,,,,,,,,,,,
Qi,,,,,,,,,,,
Ru,,,,,,,,,,,