Country Options,
 'Australia',
 'Austria',
 'Belgium',
 'Brazil',
 'Canada',
 'Chile',
 'China',
 'Colombia',
 'Czechia',
 'Denmark',
 'Finland',
 'France',
 'Germany',
 'Greece',
 'Hong Kong',
 'Hungary',
 'India',
 'Iran',
 'Ireland',
 'Israel',
 'Italy',
 'Japan',
 'Lebanon',
 'Luxembourg',
 'Netherlands',
 'New Zealand',
 'Norway',
 'Poland',
 'Portugal',
 'Qatar',
 'Russia',
 'Singapore',
 'South Korea',
 'Spain',
 'Sweden',
 'Switzerland',
 'Taiwan',
 'Turkey',
 'UAE',
 'UK',
 'US',
 'Ukraine',
 'Uruguay',