Institution Options,
 'Harbin Institute of Technology',
 'Apple',
 'Moscow Institute of Physics and Technology',
 'Expedia',
 'University of Western Ontario',
 'Kyushu University',
 'Hong Kong University of Science and Technology',
 'Peking University',
 'KenSci',
 'University of Surrey',
 'IIT Madras',
 'University of London',
 'Wright State University',
 'Rensselaer Polytechnic Institute',
 'Auburn University',
 'Jacobs University Bremen',
 'University of Masschusetts Lowell',
 'Vicarious FPC Inc.',
 'University of Rome',
 'University of York',
 'Rochester Institute of Technology',
 'DePauw University',
 'Tel Aviv University / Google',
 'UC Los Angeles',
 'University of Calabria',
 'Aarhus University',
 'University of Rochester',
 'Alan Turing Institute',
 'Tokyo Inst. of Tech.',
 'Universit´e de Sherbrooke',
 'Northrop Grumman Corp.',
 'North Carolina A&T State University',
 'American University of Beirut',
" ""Xi'an Jiaotong University"""
 'Universidad de la Rep´ublica',
 'Memorial Sloan Kettering Cancer Center',
 'U.S. Army Research Laboratory',
 'Gravity R&D',
 'Goethe-University Frankfurt',
 'Siemens Corporate Research',
 'NEC',
 'CNRS',
 'Georgia Institute of Technology',
 'Poznan University of Technology',
 'University of Connecticut',
 'Google',
 'University of Colorado',
 'Criteo Research',
 'University Paris-Est',
 'Seoul National University',
 'Petuum',
 'Swarthmore College',
 'University of Florida',
 'Facebook',
 'Inception Institute of Artiﬁcial Intelligence',
 'LogicBlox',
 'LinkedIn',
 'Nuance Communications',
 'GOOGLE',
 'The University of Southern Mississippi',
 'Bar-Ilan University',
 'Panasonic',
 'Huazhong Univ. of Sci. and Tech.',
 'The University of Auckland',
 'East China Normal University',
 'George Mason University',
 'Vanderbilt',
 'Vrije Universiteit Brussel',
 'Boston University',
 'Lucent',
 'NASA',
 'Deakin University',
 'Purdue University',
 'Beihang University',
 'China University of Geosciences',
 'UC San Francisco',
 'INESC-ID',
 'University of Florence',
 'New Mexico State University',
 'University of Pennsylvania',
 'North Carolina State University',
 'University of Edinburgh',
 'Sapienza University',
 'Ecole Polytechnique de Montreal',
 'Xiaomi',
 'Tampa',
 'MILA',
 'Higher School of Economics',
 'Franklin. W. Olin College of Engineering',
 'PSL Research University',
 'Imperial College London',
 'University of Massachusetts Amherst',
 'University of Wisconsin-Madison',
 'Northwestern University',
 'University of Genoa',
 'College Station',
 'Santa Clara University',
 'The University of Tennessee',
 'University of Oslo',
 'Philips',
 'University of Oregon',
 'École Polytechnique',
 'Alibaba',
 'National University of Defense Technology',
 'Chinese University of Hong Kong',
 'Tufts University',
 'Politecnico di Milano',
 'Electronics and Telecommunications Research Institute',
 'Technical University of Berlin',
 'University of Tokyo',
 'University of Mannheim',
 'Universit?e Paris-Sud',
 'JD.com',
 'Nanjing University of Science and Technology',
 'University of Lille',
 'I.I.T. Bombay',
 'University of Toronto',
 'University of Illinois at Urbana–Champaign',
 'University of Warsaw',
 'Nanjing University of Aeronautics and Astronautics',
 'Dartmouth College',
 'The University of Texas at El Paso',
 'University of Michigan',
 'University of Kentucky',
 'University of Houston',
 'Nara Institute of Science and Technology',
 'University of Chicago',
 'Russian Academy of Sciences',
 'lip6.fr',
 'University of Arizona',
 'Basis Technology',
 'Temple University',
 'University of Iowa',
 'Nikon Corporation',
 'City University of Hong Kong',
 'IBM',
 'Bosch GmbH',
 'Florida State University',
 'University of Southampton',
 'Max Planck Society',
 'University of Vermont',
 'Université de Montréal - MILA',
 'University of Bologna',
 'University of Cambridge',
 'IIIT Delhi',
 'ASAPP',
 'Nokia',
 'Space and Naval Warfare Systems Center',
 'Baidu',
 'Aston University',
 'Southern Illinois University',
 'Yitu',
 'Autodesk',
 'Cisco Systems',
 'South China University of Technology',
 'University of Salzburg',
 'University of Glasgow',
 'Pitt',
 'UNC Chapel Hill',
 'Virginia Tech',
 'Princeton University',
 'University of Luxembourg',
 'University of Pittsburgh',
 'SenseTime Group Ltd.',
 'ATR Computational Neuroscience Laboratories',
 'Ctrip',
 'Carnegie Mellon',
 'ShanghaiTech University',
 'Yandex',
 'NIH',
 'University of S&T of China',
 'Baton Rouge',
 'University of North Texas',
 'Guizhou University',
 'MassMutual',
 'Raytheon',
 'Ben-Gurion University of the Negev',
 'Oregon State University',
 'Hunan Engineering Research Center of Machine Vision and Intelligent Medicine',
 'CSIRO',
 'Fudan University',
 'University of Bonn',
 'University of Trento',
 'University of Sussex',
 'University of Denver',
 'Cold Spring Harbor Lab',
 'Collaborative Innovation Center of Geospatial Technology',
 'University of North Carolina',
 'Washington State University',
 'University of Alberta',
 'Nanjing University',
 'Sichuan University',
 'Technische Universität Wien (TU Wien)',
 'Southern University of Science and Technology',
 'New York University',
 'University at Buffalo',
 'Washington University in St. Louis',
 'Telecom ParisTech',
 'SK T-Brain',
 'NTT',
 'Open University of Israel',
 'University at Albany',
 'Salk Institute',
 'Xiamen University',
 'Meitu',
 'TU Graz',
 'University College London',
 'Colorado State University',
 'Howard Hughes Medical Institute',
 'Sharif University of Technology',
 'Georgetown University',
 'Institut Universitaire de France',
 'Academia Sinica',
 'Delft University of Technology',
 'Beijing Normal University',
 'Soochow University',
 'Microsoft',
 'University of Helsinki',
 'Kodak',
 'Politecnico di Torino',
 'University of Sydney',
 'Microsoft Research NYC',
 'RIKEN',
 'Jilin University',
 'University of Coimbra',
 'Air Force Research Laboratory',
 'University of Waterloo',
 'Grifﬁth University',
 'UC Irvine',
 'Michigan Technological University',
 'Newcastle University',
 'Mitsubishi',
 'University of New Mexico',
 'College of William & Mary',
 'AT &T Bell Laboratories',
 'I.I.T. Delhi',
 'University of Basel',
 'University of Minnesota',
 'Northeast Normal University',
 'UC Davis',
 'Open AI',
 'University of Wollongong',
 'Zhejiang University',
 'University of Copenhagen',
 'A*STAR',
 'Skolkovo Institute of Science and Technology',
 'CloudWalk',
 'University of New Hampshire',
 'Orange Telecom',
 'Chongqing University',
 'Mayo Clinic',
 'Emory University',
 'Universite Pierre et Marie Curie',
 'Brookhaven National Laboratory',
 'Qihoo 360',
 'University of Bremen',
 'Didi',
 'Booth School of Business',
 'Hokkaido University',
 'Syracuse University',
 'SAP',
 'TAU',
 'University of Illinois at Urbana-Champaign',
 'Wake Forest University',
 'Oregon Health & Science University',
 'University of Potsdam',
 'Universidad Nacional de Colombia',
 'University of Hartford',
 'Yahoo! Inc.',
 'Michigan State University',
 'University of Miami',
 'Lund University',
 'Stony Brook University',
 'UT Dallas',
 'Brown University',
 'Prowler.io',
 'University of Akron',
 'University of Central Florida',
 'University of Siena',
 'Megvii',
 'Intel AI Lab',
 'Brandeis University',
 'Hebrew University',
 'Leiden University',
 'Stanford University',
 'Fujitsu',
 'University of Texas at Arlington',
 'University of Ottawa',
 'Weizmann Institute of Science',
 'DJI',
 'Georgia State University',
 'University of South Australia',
 'City University of New York',
 'Johns Hopkins University',
 'University of New South Wales',
 'Institut de Physique Théorique',
 'Rome University',
 'University of Nebraska-Lincoln',
 'Institute of Statistical Mathematics',
 'York University',
 'Beijing University of Posts and Telecommunications',
 'ERNET',
 'Columbia University',
 'University of Liverpool',
 'Universitat de Valencia',
 'Universidad Carlos ill de Madrid',
 'Air Force Institute of Technology',
 'UChicago',
 'Hong Kong',
 'IIIT Hyderabad',
 'Oak Ridge National Lab',
 'Palo Alto Research Center',
 'Pohang University of Science and Technology',
 'IBM Almaden Research Center',
 'Northwestern Polytechnical University',
 'Tsukuba University',
 'University of Sheffield',
 'National Institute of Informatics',
 'VU University Amsterdam',
 'University of Bern',
 'Federal University of Sao Paulo',
 'TU Dresden',
 'University of Technology Sydney',
 'Humboldt University',
 'Heriot-Watt University',
 'University of British Columbia',
 'Uppsala University',
 'Hitachi Ltd.',
 'ETH Zurich',
 'Chalmers University',
 'Pennsylvania State University',
 'Ecole Normale Superieure',
 'Massachusetts Institute of Technology',
 'Universite Laval',
 'National University of Singapore',
 'Technion',
 'Uber',
 'Netease',
 'Aalto University',
 'Boise State University',
 'University of Adelaide',
 'Eindhoven University of Technology',
 'Universit´e Paris-Est',
 'Indiana University',
 'UC Santa Cruz',
 'Simon Fraser University',
 'Rice University',
 'Cainiao',
 'Catholic University of America',
 'Los Angeles',
 'UC Riverside',
 'Duke University',
 'Tencent',
 'University of Melbourne',
 'Lockheed Martin',
 'Texas A&M University',
 'Siemens',
 'ICREA',
 'INRIA',
 'West Virginia University',
 'UW Madison',
 'Nankai University',
 'NAVER',
 'Texas Tech University',
 'Australian National University',
 'Loyola Marymount University',
 'Universite Paris-Saclay',
 'Wuhan University of Technology',
 'Adobe',
 'Xidian University',
 'University College Cork',
 'United States Naval Academy',
 'Sharp',
 'Ecole des Ponts ParisTech',
 'Illinois Institute of Technology',
 'University of Paderborn',
 'Allen Institute for Artiﬁcial Intelligence',
 'Harvey Mudd College',
 'Kansas State University',
 'NVIDIA',
 'University of Central Arkansas',
 'University of Oldenburg',
 'Inc.',
 'American Family Insurance',
 'University of Lousiana at Lafayette',
 'University of Texas at Austin',
 'Tsinghua University',
 'University of Patras',
 'Queensland University of Technology',
 'University of Vienna',
 'University of Aberdeen',
 'Samsung',
 'Ricoh',
 'Beijing Institute of Technology',
 'Changchun Institute of Technology',
 'Singapore University of Technology and Design',
 'University of California',
 'University of Illinois at Chicago',
 'Sun Yat-sen University',
 'TU Munchen',
 'University of Manchester',
 'UC San Diego',
 'Citadel',
 'Kyoto University',
 'Technical University of Denmark',
 'Sony',
 'University of Haifa',
 'Dalian University of Technology',
 'Disney',
 'Osaka University',
 'Salesforce',
 'Mississippi State University',
 'Hong Kong Baptist University',
 'Cycorp',
 'i2k Connect',
 'Anhui University',
 'Monash University',
 'Northeastern University',
 'Fujian Key Laboratory of Sensing and Computing for Smart City',
 'Universitat Pompeu Fabra',
 'The University of Chicago',
 'IDSIA',
 'Amazon',
 'Huawei',
 'Universidad de Zaragoza',
 'University of Tennessee',
 'University of Delaware',
 'Tianjin University',
 'Dalian Maritime University',
 'Norwegian University of Science and Technology',
 'SRI International',
 'National Institute of Mental Health',
 'Flatiron Institute',
 'Yale University',
 'University of Notre Dame',
 'Data61',
 'University of Maryland',
 'Sina',
 'Walmart Labs',
 'Airbnb',
 'University of Bristol',
 'UC Berkeley',
 'Johannes Kepler University',
 'MADALGO',
 'University of Freiburg',
 'Netflix',
 'University of Birmingham',
 'Naval Research Laboratory',
 'Bryn Mawr College',
 'Nanyang Technological University',
 'Accenture',
 'Czech Technical University',
 'Twitter',
 'U of Chicago',
 'University of Bath',
 'The University of Hong Kong',
 'Florida International University',
 'Cornell University          Ohio State University (OSU)',
 'UC Merced',
 'Idiap Research Institute',
 'University of Electronic Science and Technology of China',
 'Iowa State University',
 'Institute of Science and Technology Austria',
 'University of Lincoln',
 'Ohio State University',
 'London School of Economics',
 'Centrum Wiskunde & Informatica',
 'University of Georgia',
 'Arizona State University',
 'ExxonMobil',
 'University of Lisbon',
 'University of Southern California',
 'Korea Advanced Institute of Science and Technology',
 'Intuit Inc.',
 'The Ohio State University',
 'Korea University',
 'Vienna University of Technology',
 'The Wharton School',
 'Tongji University',
 'University of Missouri',
 'Los Alamos National Lab',
 'Brigham Young University',
 'Santa Fe Institute',
 'New Jersey Institute of Technology',
 'University of Louisville',
 'Beijing Jiaotong University',
 'Jagiellonian University',
 'Laureate Institute for Brain Research',
 'University of Essex',
 'University of Montreal',
 'University of North Carolina at Chapel Hill',
 'University of Washington',
 'Radboud University',
 'Key Laboratory of Symbolic Computation and Knowledge Engineering of Ministry of Education',
 'Case Western Reserve University',
 'University of South Carolina',
 'University of Oxford',
 'Ben Gurion University',
" ""King's College London"""
 'Karlsruhe Institute of Technology',
 'University of Utah',
 'University of Tubingen',
 'Ant Financial',
 'National Taiwan University',
 'Indian Institute of Science',
 'KAIST',
 'IIT Kanpur',
 'Technical University Darmstadt',
 'Uruguay',
 'McMaster University',
 'University of Kansas',
 'University of Nottingham',
 'General Electric',
 'Athens University of Economics and Business',
 'University of Queensland',
 'Shenzhen Graduate School',
 'German National Research Center for Computer Science (GMD)',
 'Microelectronics and Computer Technology Corporation',
 'Universite de Lorraine',
 'University of Guelph',
 'University of Stuttgart',
 'Shanghai Jiaotong University',
 'University of Padova',
 'Lenovo',
 'The Chinese University of Hong Kong',
 'UC Santa Barbara',
 'Istituto Italiano di Tecnologia',
 'University of South Florida',
 'Saarland University',
 'Toyota',
 'Harvard University',
 'Chinese Academy of Sciences',
 'McGill University',
 'VMWare',
 'Universita degli Studi di Milano',
 'Hong Kong Polytechnic University',
 'Tel Aviv University',
 'iRobot',
 'KU Leuven',
 'Nagoya Institute of Technology',
 'University of Geneva',
 'Singapore Management University',
 'SUNY Buffalo',
 'Baylor College of Medicine',
 'University of Virginia',
 'TU Darmstadt',
 'Qatar Computing Research Institute',
 'Technical University Berlin',
 'Rutgers University',
 'Universit`a di Genova',
 'ByteDance',
 'Nanchang University',
 'University of Science and Technology of China',
 'RWTH Aachen',
 'Heidelberg University',
 'Shanghai University',
 'Caltech',
 'Southeast University',
 'University of Amsterdam',
 'Robert Bosch',
 'Universite de Technologie de Compiegne',
 'Ghent University',
 'Google Inc.',
 'University of Warwick',
 'Cornell',
 'Google AI Princeton',
 'Aspiring Minds',
 'EPFL',
 'Louisiana State University',
 'KTH Royal Institute of Technology',